<?xml version="1.0" encoding="UTF-8" standalone="no"?>
<theme>
<version><![CDATA[1.0]]></version>
<uiVersion>8</uiVersion>
<author><![CDATA[luoxi]]></author>
<designer><![CDATA[luoxi]]></designer>
<title><![CDATA[default]]></title>
<description><![CDATA[default]]></description>
<authors>
<author locale="en_US"><![CDATA[luoxi]]></author>
<author locale="zh_CN"><![CDATA[luoxi]]></author>
</authors>
<designers>
<designer locale="en_US"><![CDATA[luoxi]]></designer>
<designer locale="zh_CN"><![CDATA[luoxi]]></designer>
</designers>
<titles>
<title locale="en_US"><![CDATA[luofuchun]]></title>
<title locale="zh_CN"><![CDATA[default]]></title>
</titles>
<descriptions>
<description locale="en_US"><![CDATA[a good font]]></description>
<description locale="zh_CN"><![CDATA[default]]></description>
</descriptions>
<miuiAdapterVersion/>
</theme>
